{"name":"build-javascript","namedChunkGroups":{"app":{"name":"app","assets":[{"name":"webpack-runtime-6752639108b93d34e68b.js","size":4756},{"name":"framework-26342fc499980060c135.js","size":210253},{"name":"app-8fc1127d2f1c70079e6d.js","size":61382}],"filteredAssets":0,"assetsSize":276391,"filteredAuxiliaryAssets":3,"auxiliaryAssetsSize":752898},"component---src-pages-404-js":{"name":"component---src-pages-404-js","assets":[{"name":"component---src-pages-404-js-89be050834da5b7d8614.js","size":784}],"filteredAssets":0,"assetsSize":784,"filteredAuxiliaryAssets":1,"auxiliaryAssetsSize":1847},"component---src-pages-index-js":{"name":"component---src-pages-index-js","assets":[{"name":"styles.6d98af42bece3ab9e2ec.css","size":9271},{"name":"component---src-pages-index-js-d5668d9b74e22a944df7.js","size":58994}],"filteredAssets":0,"assetsSize":68265,"filteredAuxiliaryAssets":14,"auxiliaryAssetsSize":468907}},"assetsByChunkName":{"app":["webpack-runtime-6752639108b93d34e68b.js","framework-26342fc499980060c135.js","app-8fc1127d2f1c70079e6d.js"],"component---src-pages-404-js":["component---src-pages-404-js-89be050834da5b7d8614.js"],"component---src-pages-index-js":["styles.6d98af42bece3ab9e2ec.css","component---src-pages-index-js-d5668d9b74e22a944df7.js"]},"childAssetsByChunkName":{}}